Freshly Baked Danish,"Contains: Soy, Gluten, Lactose, Tree Nuts","A Seated Affair, From The Bakery / Beakfast"
Blueberry Financiers,"Contains: Lactose, Tree Nuts","A Seated Affair, From The Bakery / Beakfast"
"Mini Bombolinos, Nutella Filled","Contains: Soy, Gluten, Lactose, Tree Nuts","A Seated Affair, From The Bakery / Beakfast"
"Bircher Muesli, Poached Rhubarb, Vanilla",,"A Seated Affair, From The Grain Mill / Breakfast"
"Quinoa, Coconut Milk, Passionfruit, Roasted Almonda",,"A Seated Affair, From The Grain Mill / Breakfast"
"Homemade Granola, Berries, Organic Great Ocean Road Yoghurt",,"A Seated Affair, From The Grain Mill / Breakfast"
"Thick Sourdough Toast, Chili Scrambled Eggs, Cress Salad","Contains: Gluten, Lactose","A Seated Affair, From The Hens House / Breakfast"
"Brioche, Bacon, Pan Fried Free Range Egg, Torguy Gruyere","Contains: Gluten, Lactose, Sulphites","A Seated Affair, From The Hens House / Breakfast"
"Breakfast Pizza, Heirloom Tomatoes, Field Mushroom, Spinach",,"A Seated Affair, From The Hens House / Breakfast"
Strawberry And Dragon Fruit Skewer,,"A Seated Affair, From The Orchard / Breakfast"
Freshly Squeezed Juice,,"A Seated Affair, From The Orchard / Breakfast"
"Citrus Salad, Orange Gel, Lychee Cocoa Nibs",,"A Seated Affair, From The Orchard / Breakfast"
Seasonal Fresh Fruit,,"A Seated Affair, From The Orchard / Breakfast"
"Corn Fritters, Crushed Avocado, Persian Feta",,"A Seated Affair, From The Pantry / Breakfast"
"Sri Lankan Spiced Savory Donut, Coconut Chutney",,"A Seated Affair, From The Pantry / Breakfast"
"Petite Croissants, Roasted Mushrooms, Truffle Oil, Vegan Cheese",,"A Seated Affair, From The Pantry / Breakfast"
"Belgian Waffles, Vanilla Cream, Berry Compote","Contains: Gluten, Lactose","A Seated Affair, Pastry / Breakfast"
"Warm Grilled Banana Bread, Mascarpone, And Nutella","Contains: Lactose, Tree Nuts","A Seated Affair, Pastry / Breakfast"
"Slow Braised Beef Cheek, Cauliflower Puree, Rosemary Oats, Charred Broccolini","Contains: Gluten, Lactose, Sulphites","A Seated Affair, Mains / Lunch & Dinner"
"Chicken, Pearly Barley Risotto, Parmesan Foam, Roasted Heirloom Carrots","Contains: Gluten, Lactose, Sulphites","A Seated Affair, Mains / Lunch & Dinner"
"Victorian Barramundi, Smoked Port Arlington Mussles, Tarragon Emulsion, Silver Beet, Sea Herbs","Contains: Fish or Mollusc, Fish, Lactose, Sulphites","A Seated Affair, Mains / Lunch & Dinner"
"Soy Glaved Pork Belly, Carrot Puree, Ginger Jus, Herb Salad","Contains: Soy, Lactose, Sulphites","A Seated Affair, Mains / Lunch & Dinner"
"Grilled King Brown Mushrooms, Kohlrabi Fondant, Peas, Shiitake, Verjus Emulsion, Native Thyme","Contains: Lactose, Sulphites","A Seated Affair, Mains / Lunch & Dinner"
"Baked Lebanese Eggplant, Confit Cherry Tomato, Sumac Pangrattao, Tahina, Pomegranate","Contains: Gluten, Sesame Seeds","A Seated Affair, Mains / Lunch & Dinner"
"Warribee Cauliflower, Parsnip Cream, Cocoa Nibs, Winter Herbs, Blood Orange",Contains: Lactose,"A Seated Affair, Mains / Lunch & Dinner"
"Roasted Kangaroo Loin, Native Juniper Jus, Braised Red Cabbage, Nasturtiums, Chickpea Fritters",Contains: Sulphites,"A Seated Affair, Mains / Lunch & Dinner"
"Heirloom Carrots, Roasted, Curry Butter",Contains: Lactose,"A Seated Affair, Sides / Lunch & Dinner"
"Butter Lettuce, Buttermilk, Chive",Contains: Lactose,"A Seated Affair, Sides / Lunch & Dinner"
"Roasted Kipfler Potatoes, Garlic, Rosemary",Contains: Lactose,"A Seated Affair, Sides / Lunch & Dinner"
"Charred Broccolini, Pecorino",Contains: Lactose,"A Seated Affair, Sides / Lunch & Dinner"
"Green Beans, Almond, Panchetta, Pickled Lemon","Contains: Tree Nuts, Sulphites","A Seated Affair, Sides / Lunch & Dinner"
"Slow Cooked Heirloom Tomatoes, Thyme, Garlic",,"A Seated Affair, Enhancements / Breakfast"
"Yarra Vally Mushrooms, Xo","Contains: Soy, Sulphites, Sesame Seeds","A Seated Affair, Enhancements / Breakfast"
"Asparagus, Hazelnut Butter",Contains: Tree Nuts,"A Seated Affair, Enhancements / Breakfast"
"Poached Free Range Eggs, Corn And Coriander Fritters, Persian Feta, Whipped Avocado, Chilli Herb Salad",Contains: Lactose,"A Seated Affair, Choice Of Hot / Breakfast"
"Pan Fried Free Range Eggs, Grilled Sourdough Bread, Yarra Vally Mushrooms, Crispy Panchetta",Contains: Gluten,"A Seated Affair, Choice Of Hot / Breakfast"
"Tomato Tartine, Gippsland Burrata, Basil Pesto (vg Avaliable)","Contains: Gluten, Lactose, Tree Nuts","A Seated Affair, Choice Of Hot / Breakfast"
"Baked Free Range Eggs, Shakshuka Style, Confit Onion, Vine Ripened Tomato, Turkish Bread",Contains: Gluten,"A Seated Affair, Choice Of Hot / Breakfast"
"Warmed Grilled Banana Bread, Whipped Nutella, Slow Cooked Rhubarb","Contains: Gluten, Lactose, Tree Nuts","A Seated Affair, Choice Of Hot / Breakfast"
"Smoked Salmon, Croissant, Spiced Capsicum, Snow Peas","Contains: Fish or Mollusc, Gluten, Lactose","A Seated Affair, Choice Of Hot / Breakfast"
"Vegan Coconut Porridge, Acai Berries, Toasted Coconut, Cinnamon, Blue Berry Compote",,"A Seated Affair, Choice Of Hot / Breakfast"
"Slow Cooked Pulled Pork, Rosemary English Muffin, Poached Egg, Homemade Bbq Sauce","Contains: Gluten, Lactose, Sulphites","A Seated Affair, Choice Of Hot / Breakfast"
"French Toast, Grilled Banana, Cinnamon Ice Cream (add Bacon On Request)","Contains: Gluten, Lactose","A Seated Affair, Choice Of Hot / Breakfast"
"Passionfruit Cheesecake, Mango Cremeux, Mango Confit, Finger Lime Caviar","Contains: Gluten, Lactose, Tree Nuts","A Seated Affair, Desserts / Lunch & Dinner"
"Coffee Crème Brulee, Milk Foam Crisp, Coffee Almond Crumble, Mascarpone, Fig, Vincotto Ice Cream","Contains: Lactose, Tree Nuts","A Seated Affair, Desserts / Lunch & Dinner"
"Sable Tart, Hazelnut Feuilletine, Gianduja Caramel, Lemon Crème, Citrus Sponge, Textures Of Meringue","Contains: Gluten, Lactose, Tree Nuts","A Seated Affair, Desserts / Lunch & Dinner"
"Manjari Chocolate Mousse, Dark Chocolate Brownie, Milk Chocolate Caramel, Caramelized Puffed Rice, Passionfruit Ice Cream","Contains: Gluten, Lactose, Tree Nuts","A Seated Affair, Desserts / Lunch & Dinner"
"Green Tea Matcha Financier, ""love Tea"" Jasmine Mousse, Mandarin Gel, Aerated Pistachio Chocolate","Contains: Gluten, Lactose, Tree Nuts","A Seated Affair, Desserts / Lunch & Dinner"
"Tahitian Vanilla Mousse, Raspberry Confit, Victorian Sparkling Rose Gel, Valrhona Raspberry Crunch",Contains: Lactose,"A Seated Affair, Desserts / Lunch & Dinner"
"Slow Cooked Rhubarb, Rhubarb Jus, Strawberry Sorbet, Vegan Meringue",,"A Seated Affair, Desserts / Lunch & Dinner"
"Coconut Panna Cotta, Lime Crumble, Chargrilled Pineapple, Lemon Balm","Contains: Gluten, Lactose, Tree Nuts","A Seated Affair, Desserts / Lunch & Dinner"
"Gin Cured Victorian Snapper, Beets, Citrus Gel, Bitter Leaves","Contains: Fish, Sulphites","A Seated Affair, Entree / Lunch & Dinner"
"Confit Pink Trout, Pink Grapefruit, Fennel, Ocean Herbs, Native Pepper Dressing","Contains: Fish, Sulphites","A Seated Affair, Entree / Lunch & Dinner"
"Pink Roasted Kangaroo, Mushroom Cream, Parsnip Crisp, Watercress","Contains: Lactose, Sulphites","A Seated Affair, Entree / Lunch & Dinner"
"Veal Tartare, Roasted Hazelnut, Anchovy Toast, Cured Egg","Contains: Fish, Gluten, Tree Nuts, Sulphites","A Seated Affair, Entree / Lunch & Dinner"
"Tea Smoked Duck, Macadamia Granola, Cherry Gel, Swiss Chard","Contains: Tree Nuts, Sulphites","A Seated Affair, Entree / Lunch & Dinner"
"Truffle Chicken Terrine, Leek, Guandong, Preserved Zucchini",Contains: Sulphites,"A Seated Affair, Entree / Lunch & Dinner"
"Ginger Cured Watermelon, Yuzu Gel, Seaweed Salad, Lotus Root",Contains: Sulphites,"A Seated Affair, Entree / Lunch & Dinner"
"Lions' Mane Mushroom, Basil Soil, Balsamic Pearls, Pepper Meringue",Contains: Sulphites,"A Seated Affair, Entree / Lunch & Dinner"
"Roasted Pumpkin Tortelloni, Sage, Buttermilk, Panchetta, Kale","Contains: Gluten, Lactose, Sulphites","A Seated Affair, Extra / Lunch & Dinner"
"Pink Roast Beef Tenderloin, Pickled Kohlrabi, Potato Pave, Red Wine Jus","Contains: Lactose, Sulphites","A Seated Affair, Extra / Lunch & Dinner"
"Poached Dory, Blackened Leek, Kohlrabi Fondent, Yarra Valley Wakame Caviar, Champagne Reduction, Sea Parsley","Contains: Fish, Lactose, Sulphites","A Seated Affair, Extra / Lunch & Dinner"
"Moroccan Couscous, Roast Lamb, Pomegranate Seed, Roasted Pumpkin, Lemon Dressing",Contains: Gluten,"Curate Your Plate, Salad / Dd"
"Black Rice, Toasted Coconut, Cranberry, Parsley, Citrus Dressing",,"Curate Your Plate, Salad / Dd"
"Roasted Chickpea, Pumpkin, Baby Spinich, Green Goddess Dressing","Contains: Lupins, Lactose","Curate Your Plate, Salad / Dd"
"German Style Potato Salad, Crispy Bacon, Cornichons, Mustard Dressing",Contains: Sulphites,"Curate Your Plate, Salad / Dd"
"Kale, Quinoa, Slow Cooked Chicken, Greens, Hemp Seed",Contains: Lupins,"Curate Your Plate, Salad / Dd"
"Roasted Beets, Fresh Curd, Hazelnut, Pomegranate Molasses","Contains: Lactose, Tree Nuts","Curate Your Plate, Salad / Dd"
"Orecchiette Pasta, Oven Dried Tomato, Persian Feta, Salasa Verde Dressing","Contains: Gluten, Lactose","Curate Your Plate, Salad / Dd"
"Ocean Trout, Poke Bowl, Wild Rice, Bean Shoots, Green Onion, Ponzu Dressing","Contains: Soy, Fish, Gluten, Sulphites, Sesame Seeds","Curate Your Plate, Substantial Cold / Dd"
"Vegan Poke Bowl, Compressed Watermelon, Sushi Ricem Ginger, Edamame, Furikake","Contains: Soy, Sulphites, Sesame Seeds","Curate Your Plate, Substantial Cold / Dd"
"Handmade Rice Paper Rolls, Puffed Tofu, Rice Noodles, Vietnamese Mint, Yum Yum Sauce","Contains: Soy, Sulphites, Sesame Seeds","Curate Your Plate, Substantial Cold / Dd"
"Glass Noodle Bowl, Wok Tossed Beef, Pickled Carrot, Cucumber, Asian Herbs","Contains: Soy, Sulphites, Sesame Seeds","Curate Your Plate, Substantial Cold / Dd"
"Braised Ginger - Soy Mushroom Bowl, Sushi Rice, Pickled Red Onion, Shiso","Contains: Soy, Sulphites, Sesame Seeds","Curate Your Plate, Substantial Cold / Dd"
"Soba Noodle Bowl With Nori, Seared Tuna And Wakame Salad","Contains: Soy, Fish, Gluten, Sulphites, Sesame Seeds","Curate Your Plate, Substantial Cold / Dd"
"La Mien Noodle Bowl, Poached Chicken, Carrot, Cucumber, Japanese Mustard Dressing","Contains: Soy, Gluten, Sulphites, Sesame Seeds","Curate Your Plate, Substantial Cold / Dd"
"Tandoori Chicken, Roasted Capsicum, Yoghurt Raita, Baby Spinach, Naan Wrap","Contains: Fish, Gluten","Curate Your Plate, Substantial Cold / Dd"
"Corned Gippsland Beef, Green Tomato And Jalapen Chutney, Swiss Cheese, Light Rye","Contains: Fish, Gluten, Sulphites","Curate Your Plate, Substantial Cold / Dd"
"Grandmother Ham, Victorian Cheddar, Seeded Mustard , Single Origin Sourdough","Contains: Fish, Gluten, Sulphites","Curate Your Plate, Substantial Cold / Dd"
"Poached Chicken, Celery, Walnut, Chive Aioli, Grain Bread","Contains: Fish, Tree Nuts","Curate Your Plate, Substantial Cold / Dd"
"Capsicum Pepronata, Vegan Feta, Rocket, Schiacciata",Contains: Fish,"Curate Your Plate, Substantial Cold / Dd"
"Curry Spice Egg, Sundried Tomato, Baby Spinach, Wrap",Contains: Fish,"Curate Your Plate, Substantial Cold / Dd"
"Sopressa Salami, Mozzarella, Pickles, Wholemeal","Contains: Fish, Gluten, Sulphites","Curate Your Plate, Substantial Cold / Dd"
Pistachio& Raspberry Financier,"Contains: Gluten, Lactose, Tree Nuts","Curate Your Plate, Sweets / Dd"
Tartlet - Raspberry,"Contains: Gluten, Lactose","Curate Your Plate, Sweets / Dd"
Tartlet - Lemon,"Contains: Gluten, Lactose","Curate Your Plate, Sweets / Dd"
Tartlet - Vanilla,"Contains: Gluten, Lactose","Curate Your Plate, Sweets / Dd"
Tartlet - Chocolate & Hazelnut,"Contains: Gluten, Lactose, Tree Nuts","Curate Your Plate, Sweets / Dd"
Boutique Cupcake,"Contains: Gluten, Lactose","Curate Your Plate, Sweets / Dd"
Vegan Chocolate Raspberry Cake,,"Curate Your Plate, Sweets / Dd"
Lemon Chiffon Cake,"Contains: Gluten, Lactose","Curate Your Plate, Sweets / Dd"
Madeleines - Yuzu,"Contains: Gluten, Lactose","Curate Your Plate, Sweets / Dd"
Madeleines - Raspberry,"Contains: Gluten, Lactose","Curate Your Plate, Sweets / Dd"
Madeleines - Vanilla,"Contains: Gluten, Lactose","Curate Your Plate, Sweets / Dd"
Portuguese Custard Tart,"Contains: Soy, Gluten, Lactose","Curate Your Plate, Sweets / Dd"
"Braised Ox Cheek, Heirloom Carrot, Potato Gratin, Witlof-citrus Salad","Contains: Lactose, Sulphites","Curate Your Plate, Hot Dish / Dd"
"Seafood Tagine, Couscous, Date Chuteny, Cucumber Salad","Contains: Shellfish, Fish or Mollusc, Sulphites","Curate Your Plate, Hot Dish / Dd"
"Duck Legs, Yellow Curry, Lychee, Snake Bean, Jasmine Rice, Herb Salad","Contains: Soy, Fish, Gluten, Sulphites","Curate Your Plate, Hot Dish / Dd"
"Whole Roast Chicken, Smokey Onion, Reggiano Polenta, House Pickles","Contains: Lactose, Sulphites","Curate Your Plate, Hot Dish / Dd"
"Slow Roasted Pork Belly, 5 Spice, Asian Greens, Eastern Slaw, Lotus Root",Contains: Sulphites,"Curate Your Plate, Hot Dish / Dd"
"Root Vegetable Terrine, Heriloom Tomato, Baby Coz",,"Curate Your Plate, Hot Dish / Dd"
"Roasted Lamb Shoulder, Crushed Potatoes, Shaved Fennel Salad","Contains: Lactose, Sulphites","Curate Your Plate, Hot Dish / Dd"
Moroccan Chicken Tagine With Preserved Lemon And Couscous,"Contains: Gluten, Sulphites","Curate Your Plate, Hot Dish / Dd"
"Thai Vegetable Curry With Basil, Bamboo Shoots And Steamed Rice","Contains: Soy, Gluten, Sulphites","Curate Your Plate, Hot Dish / Dd"
"White Bean Quesadilla, Pico De Gallo And Vegan ""cream Fraiche""","Contains: Lupins, Gluten","Curate Your Plate, Hot Dish / Dd"
"Tikka Tofu Wrap, Coriander, Chili, Vegan Raita",Contains: Gluten,"Curate Your Plate, Hot Dish / Dd"
"Mac And Cheese, Eggplant Bacon","Contains: Gluten, Lactose","Curate Your Plate, Hot Dish / Dd"
"Sweet Potato Empanada, Mojo Rojo",,"Curate Your Plate, Hot Dish / Dd"
"Mushroom, Thyme, Caramelized Onion Tart",,"Curate Your Plate, Hot Dish / Dd"
"Vegan Beef And Gravy Pie, Homemade Ketchup",Contains: Gluten,"Curate Your Plate, Hot Dish / Dd"
"Jackfruit Sliders, Vegan Bbq, Fermented Red Cabbage",Contains: Sulphites,"Curate Your Plate, Hot Dish / Dd"
"Roasted Tomato Tart, Papita Pesto",,"Curate Your Plate, Hot Dish / Dd"
"Smashed Pea, Mint Parcel, Spiced Coconut Yoghurt",,"Curate Your Plate, Hot Dish / Dd"
"Mushroom Katsu, Curry Veganaise, Preserved Red Onions Cucmber, Vegan Bun","Contains: Soy, Gluten, Sesame Seeds","Curate Your Plate, Hot Dish / Dd"
"Potato, Leek, Native Thyme Croquettes, Roasted Capsicum Aioli","Contains: Gluten, Lactose","Curate Your Plate, Hot Dish / Dd"
"Steamed Jackfruit Bao, Mushroom Xo","Contains: Soy, Gluten, Sulphites, Sesame Seeds","Curate Your Plate, Hot Dish / Dd"
"Orecchiette, Tuscan Sausage, Kale, Olives, Pecorino","Contains: Gluten, Lactose, Sulphites","Curate Your Plate, Pasta Dish / Dd"
"Bucatini, Wagyu Bolognaise, Burrata, Basil","Contains: Gluten, Lactose","Curate Your Plate, Pasta Dish / Dd"
"Spaghetti, Rocket Pesto, Tomato, Chili","Contains: Gluten, Tree Nuts","Curate Your Plate, Pasta Dish / Dd"
"Cesarecce, Slow Cooked Lamb Ragu, Pecorino","Contains: Gluten, Lactose, Sulphites","Curate Your Plate, Pasta Dish / Dd"
"Gnocchi, Roasted Pumpkin Cream, Dill, Pepitas",Contains: Gluten,"Curate Your Plate, Pasta Dish / Dd"
"Calamarata, Peas, Prosciutto, Rocket","Contains: Gluten, Sulphites","Curate Your Plate, Pasta Dish / Dd"
"Conchiglie, Capsicum, Pancetta, Mushroom","Contains: Gluten, Sulphites","Curate Your Plate, Pasta Dish / Dd"
"Tortellini, Chicken, Bacon, Spinach, Pine Nut, Creamy Tomato","Contains: Gluten, Lactose, Tree Nuts, Sulphites","Curate Your Plate, Pasta Dish / Dd"
"Braised Ox Cheek, Heirloom Carrot, Potato Gratin, Witlof-citrus Salad","Contains: Gluten, Lactose, Sulphites","Lunch, Hot Dish / Dd"
"Seafood Tagine, Couscous, Date Chuteny, Cucumber Salad","Contains: Shellfish, Fish or Mollusc, Gluten, Sulphites","Lunch, Hot Dish / Dd"
"Duck Legs, Yellow Curry, Lychee, Snake Bean, Jasmine Rice, Herb Salad","Contains: Soy, Fish, Gluten, Sulphites","Lunch, Hot Dish / Dd"
"Whole Roast Chicken, Smokey Onion, Reggiano Polenta, House Pickles","Contains: Lactose, Sulphites","Lunch, Hot Dish / Dd"
"Slow Roasted Pork Belly, 5 Spice, Asian Greens, Eastern Slaw, Lotus Root","Contains: Soy, Sulphites, Sesame Seeds","Lunch, Hot Dish / Dd"
"Root Vegetable Terrine, Heriloom Tomato, Baby Coz",,"Lunch, Hot Dish / Dd"
"Roasted Lamb Shoulder, Crushed Potatoes, Shaved Fennel Salad","Contains: Lactose, Sulphites","Lunch, Hot Dish / Dd"
"Orecchiette, Tuscan Sausage, Kale, Olives, Pecorino","Contains: Gluten, Lactose, Sulphites","Lunch, Pasta / Dd"
"Bucatini, Wagyu Bolognaise, Burrata, Basil","Contains: Gluten, Lactose","Lunch, Pasta / Dd"
"Spaghetti, Rocket Pesto, Tomato, Chili","Contains: Gluten, Tree Nuts","Lunch, Pasta / Dd"
"Cesarecce, Slow Cooked Lamb Ragu, Pecorino","Contains: Gluten, Lactose, Sulphites","Lunch, Pasta / Dd"
"Gnocchi, Roasted Pumpkin Cream, Dill, Pepitas",Contains: Gluten,"Lunch, Pasta / Dd"
"Calamarata, Peas, Prosciutto, Rocket","Contains: Gluten, Sulphites","Lunch, Pasta / Dd"
"Conchiglie, Capsicum, Pancetta, Mushroom","Contains: Gluten, Sulphites","Lunch, Pasta / Dd"
"Tortellini, Chicken, Bacon, Spinach, Pine Nut, Creamy Tomato","Contains: Gluten, Lactose, Tree Nuts, Sulphites","Lunch, Pasta / Dd"
"White Bean Quesadilla, Pico De Gallo And Vegan ""cream Fraiche""","Contains: Lupins, Gluten","Lunch, Plant Based Snack / Dd"
"Potato, Leek, Native Thyme Croquettes, Roasted Capsicum Aioli","Contains: Gluten, Lactose","Lunch, Plant Based Snack / Dd"
"Tikka Tofu Wrap, Coriander, Chili, Vegan Raita",Contains: Gluten,"Lunch, Plant Based Snack / Dd"
"Steamed Jackfruit Bao, Mushroom Xo","Contains: Soy, Gluten, Sulphites, Sesame Seeds","Lunch, Plant Based Snack / Dd"
"Mac And Cheese, Eggplant Bacon","Contains: Gluten, Lactose","Lunch, Plant Based Snack / Dd"
"Mushroom Katsu, Curry Veganaise, Preserved Red Onion, Cucumber, Vegan Bun","Contains: Soy, Gluten, Sesame Seeds","Lunch, Plant Based Snack / Dd"
"Moroccan Couscous, Roast Lamb, Pomegranate Seed, Roasted Pumpkin, Lemon Dressing",Contains: Gluten,"Lunch, Salad / Dd"
"Black Rice, Toasted Coconut, Cranberry, Parsley, Citrus Dressing",,"Lunch, Salad / Dd"
"Roasted Chickpea, Pumpkin, Baby Spinich, Green Goddess Dressing","Contains: Lupins, Lactose","Lunch, Salad / Dd"
"German Style Potato Salad, Crispy Bacon, Cornichons, Mustard Dressing",Contains: Sulphites,"Lunch, Salad / Dd"
"Kale, Quinoa, Slow Cooked Chicken, Greens, Hemp Seed",Contains: Lupins,"Lunch, Salad / Dd"
"Roasted Beets, Fresh Curd, Hazelnut, Pomegranate Molasses","Contains: Lactose, Tree Nuts","Lunch, Salad / Dd"
"Orecchiette Pasta, Oven Dried Tomato, Persian Feta, Salasa Verde Dressing","Contains: Gluten, Lactose","Lunch, Salad / Dd"
"Ocean Trout Poke Bowl, Wild Rice, Bean Shoot, Green Onion, Ponzu Dressing","Contains: Soy, Fish, Gluten, Sulphites, Sesame Seeds","Lunch, Substantial Cold / Dd"
"Vegan Poke Bowl, Compressed Watermelon, Sushi Rice, Ginger, Edamame, Furikake","Contains: Soy, Sulphites, Sesame Seeds","Lunch, Substantial Cold / Dd"
"Handmade Rice Paper Rolls, Puffed Tofu, Rice Noodle, Vietnamese Mint, Yum Yum Sauce","Contains: Soy, Sulphites, Sesame Seeds","Lunch, Substantial Cold / Dd"
"Glassed Noodle Bowl, Wok Tossed Beef, Pickled Carrot, Pickled Cucumber, Asian Herbs","Contains: Soy, Sulphites, Sesame Seeds","Lunch, Substantial Cold / Dd"
"Braised Ginger, Soy Mushroom Bowl, Sushi Rice, Pickled Onions, Shiso","Contains: Soy, Sulphites, Sesame Seeds","Lunch, Substantial Cold / Dd"
"Soba Noodle Bowl With Nori, Seared Tuna And Wakame Seaweed","Contains: Soy, Fish, Gluten, Sulphites, Sesame Seeds","Lunch, Substantial Cold / Dd"
"La Mien Noodle Bowl, Poached Chicken, Carrot, Cucumber, Japanese Mustard Dressing","Contains: Soy, Gluten, Sulphites, Sesame Seeds","Lunch, Substantial Cold / Dd"
"Tandoori Chicken, Roasted Capsicum, Yoghurt Raita, Baby Spinach, Naan Wrap","Contains: Fish, Gluten","Lunch, Substantial Sandwiches / Dd"
"Corned Gippsland Beef, Green Tomato And Jalapeno Chutney, Swiss Cheese, Light Rye","Contains: Fish, Gluten, Sulphites","Lunch, Substantial Sandwiches / Dd"
"Grandmother Ham, Victorian Cheddar, Seeded Mustard, Single Origin Grain Sourdough","Contains: Fish, Gluten, Sulphites","Lunch, Substantial Sandwiches / Dd"
"Poached Chicken, Celery, Walnut, Chive Aioli, Grain Bagel","Contains: Fish, Tree Nuts","Lunch, Substantial Sandwiches / Dd"
"Capsicum Peperonata, Vegan Feta, Rocket, Schiacciata",Contains: Fish,"Lunch, Substantial Sandwiches / Dd"
"Curry Spiced Egg, Sundried Tomato, Baby Spinach, Wrap",Contains: Fish,"Lunch, Substantial Sandwiches / Dd"
"Sopressa Salami, Mozzarella, Pickles, Whole Meal","Contains: Fish, Gluten, Sulphites","Lunch, Substantial Sandwiches / Dd"
Pistachio& Raspberry Financier,"Contains: Gluten, Lactose, Tree Nuts","Lunch, Sweets / Dd"
Tartlet - Raspberry,"Contains: Gluten, Lactose","Lunch, Sweets / Dd"
Tartlet - Lemon,"Contains: Gluten, Lactose","Lunch, Sweets / Dd"
Tartlet - Vanilla,"Contains: Gluten, Lactose","Lunch, Sweets / Dd"
Tartlet - Chocolate & Hazelnut,"Contains: Gluten, Lactose, Tree Nuts","Lunch, Sweets / Dd"
Boutique Cupcake,"Contains: Gluten, Lactose","Lunch, Sweets / Dd"
Vegan Chocolate Raspberry Cake,,"Lunch, Sweets / Dd"
Lemon Chiffon Cake,"Contains: Gluten, Lactose","Lunch, Sweets / Dd"
Madeleines - Yuzu,"Contains: Gluten, Lactose","Lunch, Sweets / Dd"
Madeleines - Raspberry,"Contains: Gluten, Lactose","Lunch, Sweets / Dd"
Madeleines - Vanilla,"Contains: Gluten, Lactose","Lunch, Sweets / Dd"
Portuguese Custard Tart,"Contains: Soy, Gluten, Lactose","Lunch, Sweets / Dd"
"Strawberry, Pink Grapefruit, Yuzu Pearl",,"In-between, Something Plant Based And Sweet / Dd"
"Berries, Coco Nibs, Valrhona Chocolate Biscuit",Contains: Tree Nuts,"In-between, Something Plant Based And Sweet / Dd"
"Carrot Cake, Vegan Vanilla Glaze",Contains: Tree Nuts,"In-between, Something Plant Based And Sweet / Dd"
"Raspberry, 70% Chocolate Gateaux",Contains: Tree Nuts,"In-between, Something Plant Based And Sweet / Dd"
"Chia, Passionfruit, Toasted Coconut, Verrine",,"In-between, Something Plant Based And Sweet / Dd"
Biscoff Fudge Brownie,Contains: Gluten,"In-between, Something Plant Based And Sweet / Dd"
"Truffle Brie, Mushroom Croissant","Contains: Gluten, Lactose, Sulphites","In-between, Somthins Savory / Dd"
"Braised Lamb, Rosemary Sausage Roll With Bush Tomato Chutney","Contains: Lactose, Sulphites","In-between, Somthins Savory / Dd"
"Chorizo, Guindilla, Manchego Jaffel, Romesco","Contains: Gluten, Lactose","In-between, Somthins Savory / Dd"
"Scrambled Egg, Panchetta, Green Tomato Chutney, Brioche Bun","Contains: Gluten, Lactose, Sulphites","In-between, Somthins Savory / Dd"
"Focaccia, Roasted Pumpkin, Coast Rosemary, Fresh Curd","Contains: Gluten, Lactose","In-between, Somthins Savory / Dd"
"Spiced Corn Empanada, Mint Crema",Contains: Lactose,"In-between, Somthins Savory / Dd"
"Smoked Salmon Quiche, Dill Cream","Contains: Gluten, Lactose","In-between, Somthins Savory / Dd"
"Gianduja Chocolate Tart, Hazelnut Praline","Contains: Gluten, Lactose, Tree Nuts","In-between, Something Sweet / Dd"
"Pavlova, Mango Cremeux, Passionfruit, White Chocolate",Contains: Lactose,"In-between, Something Sweet / Dd"
"Raspberry Lamington, Raspberry Gel","Contains: Gluten, Lactose","In-between, Something Sweet / Dd"
"Chocolate Brownie, Chocolate Cremeux","Contains: Gluten, Lactose","In-between, Something Sweet / Dd"
"Mini Coffee Madeleine, Milk Chocolate","Contains: Gluten, Lactose","In-between, Something Sweet / Dd"
Macarons,"Contains: Lactose, Tree Nuts","In-between, Something Sweet / Dd"
"Sweet Potato Empanada, Mojo Rojo",,"In-between, Something Plant Based Savory / Dd"
"Mushroom, Thyme, Caramelized Onion Tart",,"In-between, Something Plant Based Savory / Dd"
"Vegan Beef And Gravy Pie, Homemade Ketchup",Contains: Gluten,"In-between, Something Plant Based Savory / Dd"
"Jackfruit Sliders, Vegan Bbq, Fermented Red Cabbage",Contains: Sulphites,"In-between, Something Plant Based Savory / Dd"
"Roasted Tomato Tart, Papita Pesto",,"In-between, Something Plant Based Savory / Dd"
"Smashed Pea, Mint Parcel, Spiced Coconut Yoghurt",Contains: Gluten,"In-between, Something Plant Based Savory / Dd"
"Softshell Crab, Chili Caramel, Papaya Salad","Contains: Soy, Shellfish, Fish, Sulphites","Elevate And Engage, $25 Station / Canape"
"Braised Beef Cheeks, Master Stock, Rice Cakes, Asian Herbs","Contains: Soy, Sulphites, Sesame Seeds","Elevate And Engage, $25 Station / Canape"
"Prawn Rolls - Poached Australian Prawns, Lemon, Cucumber, Apple, Chervil, Bao Bun","Contains: Shellfish, Gluten","Elevate And Engage, $25 Station / Canape"
Paella Andalusian - Best Selection Of Seafood And Spanish Chorizo Paella,"Contains: Shellfish, Fish or Mollusc, Fish, Sulphites","Elevate And Engage, $25 Station / Canape"
"Mushroom Risotto - Local Mushrooms, Truffles, Parmesan","Contains: Lactose, Sulphites","Elevate And Engage, $25 Station / Canape"
"Kingfish Ceviche - Young Coconut, Spring Onion, Chili, Cucmber",Contains: Fish,"Elevate And Engage, $25 Station / Canape"
"Duck Pancake - Peking Duck, Green Onions, Hoisin Sauce, Pancakes","Contains: Soy, Gluten, Sulphites, Sesame Seeds","Elevate And Engage, $25 Station / Canape"
"Souvlaki - Lamb Strips, Flat Bread, Tzatziki, Tomato, Onion","Contains: Gluten, Lactose","Elevate And Engage, $25 Station / Canape"
"Arepas, Pan Fried Maze Pockets, Cheese, Pulled Pork, Black Beans","Contains: Lupins, Lactose","Elevate And Engage, $25 Station / Canape"
"Brisket Rolls, Smoked Brisket, Homemade Bbq Sauce, Red Cabbage Slaw, Pickles, Grilled Corn","Contains: Gluten, Sulphites","Elevate And Engage, $25 Station / Canape"
"Morten Bay Bug Tostadas - Grilled Bay Bugs, Blue Corn Tortilla, Avocado",Contains: Shellfish,"Elevate And Engage, $25 Station / Canape"
"Beef Tacos - Slow Braised Korean Short Rib, Kimchi Slaw, Coriander, Spiced Mayo","Contains: Soy, Sulphites, Sesame Seeds","Elevate And Engage, $25 Station / Canape"
"Fish Tacos - Beer Battered Snapper, Red Cabbage Slaw, Lime Crema, Pico De Gallo","Contains: Fish, Gluten, Lactose","Elevate And Engage, $25 Station / Canape"
"Pistachio Baklava - Caramelized Filo Sheets, Pistachio Espuma, Caramelized Pistachio, Pistachio Powder","Contains: Gluten, Lactose, Tree Nuts","Elevate And Engage, $25 Sweet Station / Canape"
"Kunafa - Crispy Shredded Filo, Akawi Cheese, Rose Water Sugar Syrup, Crushed Pistachio","Contains: Gluten, Lactose, Tree Nuts","Elevate And Engage, $25 Sweet Station / Canape"
"Oysters & Caviar - Seasonal Market Oysters, Yuzu, Ponzu, Mingonette, And Yarra Valley Caviar","Contains: Fish or Mollusc, Fish, Sulphites","Elevate And Engage, $30 Stations, Canape"
"Cheese Station - Selection Or Artisan Victorian Cheeses, Handmade Lavosh And Crispbreads, Quince Paste, Chutney, Dried And Fresh Fruit","Contains: Gluten, Lactose, Sulphites","Elevate And Engage, $30 Stations, Canape"
"Charcuterie Station - Selection Of Victorian Artisan Meats, Homemade Pickles, Local Olives, Handmade Lavosh And Crispbread","Contains: Gluten, Sulphites","Elevate And Engage, $30 Stations, Canape"
"Omakase Beef - Three Cuts Of Omakase Style Beef, Cooked On Teppanyki Grill With Yakiniku Sauce, Pickled Vegetables","Contains: Soy, Sulphites","Elevate And Engage, $30 Stations, Canape"
"Bbq Prawns - Whole Grilled King Prawns, Green Papaya Salad, Lotus Root, Yarra Valley Caviar, Pickled Ginger","Contains: Shellfish, Fish, Sulphites","Elevate And Engage, $30 Stations, Canape"
"Live Sushi - Warabi Inspired Sushi Selection, Spicy Tuna Roll, Hand Roll","Contains: Soy, Shellfish, Fish or Mollusc, Fish, Sesame Seeds","Elevate And Engage, $30 Stations, Canape"
"Ln2 Ice Cream - Smoked Vanilla Ice Cream, Assorted Toppings And Condiments","Contains: Gluten, Lactose, Tree Nuts","Elevate And Engage, $30 Sweet Station, Canape"
Edible Table - Chefs Create Edible Artwork,"Contains: Gluten, Lactose, Tree Nuts","Elevate And Engage, $30 Sweet Station, Canape"
"Fill And Top Your Own Donut, Nutella, Fruit Jam, Sprinkles, Nuts","Contains: Gluten, Lactose, Tree Nuts","Elevate And Engage, $14 Sweet / Canape"
Soft Serve Bar - Topping Stations,"Contains: Soy, Gluten, Lactose, Tree Nuts","Elevate And Engage, $14 Sweet / Canape"
"Popcorn Bar - Freshly Made Popcorn, Churro Seasoning, M&m's, White Chocolate & Dried Raspberry, Curry, Great Ocean Road Sea Salt, Chili Cheese","Contains: Soy, Lactose","Elevate And Engage, $14 Sweet / Canape"
"Sausage Sizzle - Artisan Victorian Sausages, Caramelized Onion, Crusty Local Bread, Condiments","Contains: Gluten, Lactose, Sulphites","Elevate And Engage, $15 Stations"
"Pani Puri - Masala Potatoes, Oabika, Potato Foam, Aromatic Water",,"Elevate And Engage, $15 Stations"
"Crispy Baked Chicken, Galbi Sauce, Green Onions","Contains: Soy, Gluten, Sulphites, Sesame Seeds","Elevate And Engage, $15 Stations"
"White Bean Quesadilla, Pico De Gallo, Vegan Cream Fraiche","Contains: Lupins, Gluten","Elevate And Engage, $15 Stations"
"Chicken Risotto - Crisp Panchetta, Kale, Slow Cooked Chicken, Pine Nuts","Contains: Lactose, Tree Nuts, Sulphites","Elevate And Engage, $15 Stations"
"Beef Roll - Whole Roasted Victorian Beef Prime, Mustard, Horseradish, Crusty Rolls, Coleslaw","Contains: Gluten, Sulphites","Elevate And Engage, $15 Stations"
"Orecchitte - Tuscan Sausage, Kale, Olives, Pecorino",,"Elevate And Engage, $20 Pasta / Canape"
"Bucatini - Wagyu Bolognaise, Burrata, Basil",,"Elevate And Engage, $20 Pasta / Canape"
"Spaghetti - Rocket Pesto, Tomato, Chili",,"Elevate And Engage, $20 Pasta / Canape"
"Cesarecce - Slow Cooked Lamb Ragu, Pecorino",,"Elevate And Engage, $20 Pasta / Canape"
"Gnocchi - Roast Pumpkin Cream, Dill, Pepitas",,"Elevate And Engage, $20 Pasta / Canape"
"Calamarata - Peas, Prosciutto, Rocket",,"Elevate And Engage, $20 Pasta / Canape"
"Conchiglie - Capsicum, Panchetta, Mushroom",,"Elevate And Engage, $20 Pasta / Canape"
"Tortellini - Chicken, Bacon, Spinach, Pine Nut, Creamy Tomato",,"Elevate And Engage, $20 Pasta / Canape"
"Poke Bowl - Compressed Watermelon, Sushi Rice, Ginger, Edamame, Furikake","Contains: Soy, Sulphites, Sesame Seeds","Elevate And Engage, $20 Station / Canape"
"Braised Ginger - Soy Mushroom Bowl, Sushi Rice, Pickled Red Onions, Shiso","Contains: Soy, Sulphites, Sesame Seeds","Elevate And Engage, $20 Station / Canape"
"La Mien Noodle Bowl, Poached Chicken, Carrot, Cucumber, Japanese Mustard Dressing","Contains: Soy, Gluten, Sulphites, Sesame Seeds","Elevate And Engage, $20 Station / Canape"
"Charred Octopus, Lemon Oil, Braised Potatoes, Olives","Contains: Soy, Fish or Mollusc, Sulphites","Elevate And Engage, $20 Station / Canape"
"Ramen Noodle - Pork Belly, Red Miso Broth, Boiled Egg, Nori","Contains: Soy, Gluten, Sulphites","Elevate And Engage, $20 Station / Canape"
Dim Sum Basket - Various Selections Of Hand Made Dim Sum And Dipping Sauces,"Contains: Soy, Gluten, Sulphites, Sesame Seeds","Elevate And Engage, $20 Station / Canape"
"Pork Bao Buns - 5 Spice Braised Pork Belly, Cucumber Pickles, Aromatic Herb Salad","Contains: Soy, Gluten, Sulphites, Sesame Seeds","Elevate And Engage, $20 Station / Canape"
"Charcoal Bao - Panko Eggplant, Tonkatsu Sauce, Preserved Yarra Valley Mushrooms","Contains: Soy, Gluten, Sulphites, Sesame Seeds","Elevate And Engage, $20 Station / Canape"
"Pearl Barley Risotto - Braised Beetroots, Feta, Sage","Contains: Gluten, Lactose, Sulphites","Elevate And Engage, $20 Station / Canape"
"Roti Rolls - Spiced Paneer, Shredded Cabbage, Cumin Potato, Mint Chutney",Contains: Gluten,"Elevate And Engage, $20 Station / Canape"
"Sliders - Korean Fried Chicken Sliders, Wagyu Cheese Slider","Contains: Soy, Gluten, Lactose, Sulphites, Sesame Seeds","Elevate And Engage, $20 Station / Canape"
"Roti Rolls - Chicken Tikka, Raita, Roast Cumin, Kachumber","Contains: Gluten, Lactose","Elevate And Engage, $20 Station / Canape"
"Pavlova - Meringue, Assorted Fresh Seasonal Fruits, Assorted Sauces","Contains: Lactose, Tree Nuts","Elevate And Engage, $20 Sweet / Canape"
"Tiramisu - Savoiardi Sponge, Freshly Brewed Coffee, Mascarpone Coffee Mousse, Chocolate Shavings","Contains: Gluten, Lactose","Elevate And Engage, $20 Sweet / Canape"
"Kangaroo Loin Tataki, Wattle Seed Lavosh, Ponzu","Contains: Soy, Sulphites",Cold Bites / Canape
"Eucalyptus Smoked Great Ocean Road Duck Breast, Hazelnut Emulsion","Contains: Tree Nuts, Sulphites",Cold Bites / Canape
"Handmade Rice Paper Rolls, Puffed Tofu, Rice Noodles, Vietnamese Mint, Yum Yum Sauce","Contains: Soy, Sulphites, Sesame Seeds",Cold Bites / Canape
"Davidson Plumb Macaroon, Yarra Vally Bloody Shiraz Caviar, Crème Fraiche","Contains: Lactose, Sulphites",Cold Bites / Canape
"Compressed Cucumber, Cashew Cream, Yuzu Pearls","Contains: Tree Nuts, Sulphites",Cold Bites / Canape
"Port Arlington Mussles, Mushroom Xo, Sea Spray","Contains: Soy, Fish or Mollusc, Sulphites, Sesame Seeds",Cold Bites / Canape
"Citrus Cured Victorian Snapper, Seaweed Salad, Finger Lime","Contains: Soy, Fish, Sulphites, Sesame Seeds",Cold Bites / Canape
"Ballarat Pork Fiocco, Preserved Fennel",Contains: Sulphites,Cold Bites / Canape
Macarons,"Contains: Lactose, Tree Nuts",Sweet Bites / Canape
Yuzu Madeleines,"Contains: Gluten, Lactose",Sweet Bites / Canape
"Pistachio, Raspberry Financier","Contains: Gluten, Lactose, Tree Nuts",Sweet Bites / Canape
"Mango, White Chocolate Mini-choux","Contains: Gluten, Lactose",Sweet Bites / Canape
"Passionfruit, Milk Chocolate Lamingtons","Contains: Gluten, Lactose",Sweet Bites / Canape
"W Lux Cookies (raspberry, Lemon, Hazelnut)","Contains: Gluten, Lactose, Tree Nuts",Sweet Bites / Canape
Nutella Bombolinos,"Contains: Gluten, Lactose, Tree Nuts",Sweet Bites / Canape
"Valrhona Tartlet, Gianduja Caramel, Hazelnut Praline","Contains: Gluten, Lactose, Tree Nuts",Sweet Bites / Canape
"Handmade Beef Pies, Raspberry Ketchup","Contains: Gluten, Sulphites",Warm Bites / Canape
"Freshly Baked Flat Bread, Black Garlic, Pulled Lamb, Tahina","Contains: Gluten, Sulphites, Sesame Seeds",Warm Bites / Canape
"Cheese-vegamite Jaffle, Green Tomato Chutney","Contains: Gluten, Lactose",Warm Bites / Canape
"Pulled Jackfruit, Fremented Red Cabbage","Contains: Soy, Gluten, Sulphites",Warm Bites / Canape
"Truffled Polenta Fingers, Romensco, Shaved King Browns",Contains: Tree Nuts,Warm Bites / Canape
"Yellow Chicken Curry, Coriander, Shaved Cabbage, Ginger Taco","Contains: Soy, Gluten, Sulphites",Warm Bites / Canape
"Prawn, Lemon, Caper Arancini, Squidink Aioli","Contains: Shellfish, Fish or Mollusc, Fish, Gluten, Sulphites",Warm Bites / Canape
"Victorian Barramundi, Melbourne Ale Batter, Pickled Lemon","Contains: Fish, Gluten, Sulphites",Warm Bites / Canape
"Charcoal Bao, Panko Eggplant, Tonkatsu Sauce, Preserved Yarra Valley Mushroom","Contains: Soy, Gluten, Sulphites, Sesame Seeds",Bigger Bites / Canape
"Poke Bowl, Compressed Watermelon, Sushi Rice, Ginger, Edamame, Furikake","Contains: Lupins, Soy, Sulphites, Sesame Seeds",Bigger Bites / Canape
"Homemade Pasta, Lamb Ragu, Victorian Parmesan","Contains: Gluten, Lactose, Sulphites",Bigger Bites / Canape
"Charred Octopus, Lemon Oil, Braised Potatoes, Olive","Contains: Soy, Fish or Mollusc, Sulphites",Bigger Bites / Canape
"Softshell Crab, Chili Caramel, Papaya Salad","Contains: Soy, Shellfish, Fish, Sesame Seeds",Bigger Bites / Canape
"Ox Cheek, Rice Cakes, Crispy Shallots","Contains: Soy, Fish, Gluten, Sulphites, Sesame Seeds",Bigger Bites / Canape
"Chrispy Baked Chicken, Galbi Sauce, Green Onion","Contains: Soy, Gluten, Sulphites, Sesame Seeds",Bigger Bites / Canape
"White Bean Quasadilla, Pico De Gallo, Vegan Cream Fraiche","Contains: Lupins, Gluten",Bigger Bites / Canape
"Strawberry, Pink Grapefruit, Yuzu Pearl",,"Tea Break, Something Plant Based And Sweet / Dd"
"Berries, Coco Nibs, Valrhona Chocolate Biscuit",Contains: Tree Nuts,"Tea Break, Something Plant Based And Sweet / Dd"
"Carrot Cake, Vegan Vanilla Glaze",Contains: Tree Nuts,"Tea Break, Something Plant Based And Sweet / Dd"
"Raspberry, 70% Chocolate Gateaux",Contains: Tree Nuts,"Tea Break, Something Plant Based And Sweet / Dd"
"Chia, Passionfruit, Toasted Cocnut, Verrine",,"Tea Break, Something Plant Based And Sweet / Dd"
Biscoff Fudge Brownie,Contains: Gluten,"Tea Break, Something Plant Based And Sweet / Dd"
"Truffle Brie, Mushroom Croissant","Contains: Gluten, Lactose, Sulphites","Tea Break, Something Savoury / Dd"
"Braised Lamb, Rosemary Sausage Roll With Bush Tomato Chutney","Contains: Lactose, Sulphites","Tea Break, Something Savoury / Dd"
"Chorizo, Guindilla, Manchego Jaffel, Romesco","Contains: Gluten, Lactose","Tea Break, Something Savoury / Dd"
"Scrambled Egg, Panchetta, Green Tomato Chutney, Brioche Bun","Contains: Gluten, Lactose, Sulphites","Tea Break, Something Savoury / Dd"
"Focaccia, Roasted Pumpkin, Coast Rosemary, Fresh Curd","Contains: Gluten, Lactose","Tea Break, Something Savoury / Dd"
"Spiced Corn Empanada, Mint Crema",Contains: Lactose,"Tea Break, Something Savoury / Dd"
"Smoked Salmon Quiche, Dill Cream","Contains: Gluten, Lactose","Tea Break, Something Savoury / Dd"
"Gianduja Chocolate Tart, Hazelnut Praline","Contains: Gluten, Lactose, Tree Nuts","Tea Break, Something Sweet / Dd"
"Pavlova, Mango Cremeux, Passionfruit, White Chocolate",Contains: Lactose,"Tea Break, Something Sweet / Dd"
"Raspberry Lamington, Raspberry Gel","Contains: Gluten, Lactose","Tea Break, Something Sweet / Dd"
"Chocolate Brownie, Chocolate Cremeux","Contains: Gluten, Lactose, Tree Nuts","Tea Break, Something Sweet / Dd"
"Mini Coffee Madeleine, Milk Chocolate","Contains: Gluten, Lactose","Tea Break, Something Sweet / Dd"
Macarons,"Contains: Lactose, Tree Nuts","Tea Break, Something Sweet / Dd"
Pistachio& Raspberry Financier,,"Tea Break, Sweets / Dd"
Tartlet - Raspberry,,"Tea Break, Sweets / Dd"
Tartlet - Lemon,,"Tea Break, Sweets / Dd"
Tartlet - Vanilla,,"Tea Break, Sweets / Dd"
Tartlet - Chocolate & Hazelnut,,"Tea Break, Sweets / Dd"
Boutique Cupcake,,"Tea Break, Sweets / Dd"
Vegan Chocolate Raspberry Cake,,"Tea Break, Sweets / Dd"
Lemon Chiffon Cake,,"Tea Break, Sweets / Dd"
Madeleines - Yuzu,,"Tea Break, Sweets / Dd"
Madeleines - Raspberry,,"Tea Break, Sweets / Dd"
Madeleines - Vanilla,,"Tea Break, Sweets / Dd"
Portuguese Custard Tart,,"Tea Break, Sweets / Dd"
Gluten Free Assorted Cookies,"Contains: Lactose, Tree Nuts","Tea Break, Gluten Free / Dd"
Gluten Free Assorted Muffins,Contains: Lactose,"Tea Break, Gluten Free / Dd"
Gluten Free Artichoke And Tomato Tart,,"Tea Break, Gluten Free / Dd"
Gluten Free Roasted Turkey And Cranberry Pie,,"Tea Break, Gluten Free / Dd"
"Sweet Potato Empanada, Mojo Rojo",,"Tea Break, Plant Based And Savoury / Dd"
"Mushroom, Thyme, Caramelized Onion Tart",,"Tea Break, Plant Based And Savoury / Dd"
"Vegan Beef And Gravy Pie, Homemade Ketchup",Contains: Gluten,"Tea Break, Plant Based And Savoury / Dd"
"Jackfruit Sliders, Vegan Bbq, Fermented Red Cabbage",Contains: Sulphites,"Tea Break, Plant Based And Savoury / Dd"
"Roasted Tomato Tart, Papita Pesto",,"Tea Break, Plant Based And Savoury / Dd"
"Smashed Pea, Mint Parcel, Spiced Coconut Yoghurt",Contains: Gluten,"Tea Break, Plant Based And Savoury / Dd"
"White Bean Quesadilla, Pico De Gallo And Vegan ""cream Fraiche""",Contains: Gluten,"Tea Break, Plant Based Snacks / Dd"
"Potato, Leek, Native Thyme Croquettes, Roasted Capsicum Aioli","Contains: Gluten, Lactose","Tea Break, Plant Based Snacks / Dd"
"Tikka Tofu Wrap, Coriander, Chili, Vegan Raita",Contains: Gluten,"Tea Break, Plant Based Snacks / Dd"
"Steamed Jackfruit Bao, Mushroom Xo","Contains: Soy, Gluten, Sulphites, Sesame Seeds","Tea Break, Plant Based Snacks / Dd"
"Mac And Cheese, Eggplant Bacon","Contains: Gluten, Lactose","Tea Break, Plant Based Snacks / Dd"
"Mushroom Katsu, Curry Veganaise, Preserved Red Onion, Cucumber, Vegan Bun","Contains: Soy, Gluten, Sesame Seeds","Tea Break, Plant Based Snacks / Dd"
